{
    "text_transformer.encoder.layer.2.intermediate.dense": {
        "weight_stats": {
            "original": {
                "mean": -0.009900933131575584,
                "std": 0.06082366406917572,
                "min": -0.6395875811576843,
                "max": 0.645700216293335
            },
            "quantized": {
                "min": -0.6026535034179688,
                "max": 0.6026535034179688,
                "dtype": "torch.qint8"
            }
        },
        "activation_stats": {
            "original": {
                "mean": -1.5249650478363037,
                "std": 0.8616282343864441,
                "min": -9.155832290649414,
                "max": 4.385232925415039
            },
            "quantized": {
                "mean": -1.2024638652801514,
                "std": 0.9947346448898315,
                "min": -9.900171279907227,
                "max": 5.615255832672119
            }
        }
    },
    "text_transformer.encoder.layer.2.output.dense": {
        "weight_stats": {
            "original": {
                "mean": 2.1752925022155978e-05,
                "std": 0.04810984432697296,
                "min": -0.9618302583694458,
                "max": 0.9973081350326538
            },
            "quantized": {
                "min": -0.9308209419250488,
                "max": 0.9308209419250488,
                "dtype": "torch.qint8"
            }
        },
        "activation_stats": {
            "original": {
                "mean": -0.007721161004155874,
                "std": 0.17649386823177338,
                "min": -4.779995441436768,
                "max": 0.798180103302002
            },
            "quantized": {
                "mean": -0.013250929303467274,
                "std": 0.25953954458236694,
                "min": -4.083749294281006,
                "max": 1.1316221952438354
            }
        }
    }
}