{
    "transformer.blocks.0.mlp.fc1": {
        "weight_stats": {
            "original": {
                "mean": -0.007179481443017721,
                "std": 0.07376695424318314,
                "min": -1.4936343431472778,
                "max": 1.4707088470458984
            },
            "quantized": {
                "min": -1.593209981918335,
                "max": 1.3940587043762207,
                "dtype": "torch.qint8"
            }
        },
        "activation_stats": {
            "original": {
                "mean": -1.3251116275787354,
                "std": 0.8868180513381958,
                "min": -4.962896347045898,
                "max": 0.5523995757102966
            },
            "quantized": {
                "mean": -1.0046027898788452,
                "std": 0.8192247152328491,
                "min": -4.61079216003418,
                "max": 0.9651179313659668
            }
        }
    },
    "transformer.blocks.0.mlp.fc2": {
        "weight_stats": {
            "original": {
                "mean": 3.992090205429122e-05,
                "std": 0.05643441528081894,
                "min": -3.06199312210083,
                "max": 2.4307639598846436
            },
            "quantized": {
                "min": -3.2661259174346924,
                "max": 2.449594497680664,
                "dtype": "torch.qint8"
            }
        },
        "activation_stats": {
            "original": {
                "mean": -0.007252205163240433,
                "std": 0.35595399141311646,
                "min": -6.89996337890625,
                "max": 3.0339438915252686
            },
            "quantized": {
                "mean": -0.0012640177737921476,
                "std": 0.11743110418319702,
                "min": -2.962714433670044,
                "max": 2.1191892623901367
            }
        }
    }
}